image_path,invoice_no_gt,invoice_date_gt,total_gt,invoice_no_pred,invoice_date_pred,total_pred,raw_prediction
../../invoices_dataset/eval_data/dataset1_katanaml_train_katanaml_0001.png,,,,40378170,10/15/2012,8.25,"```json
{
  ""invoice_nr"": ""40378170"",
  ""date"": ""10/15/2012"",
  ""total_amount"": ""8.25""
}
```"
../../invoices_dataset/eval_data/dataset1_katanaml_train_katanaml_0002.png,,,,61356291,09/06/2012,"192,81","```json
{
  ""invoice_nr"": ""61356291"",
  ""date"": ""09/06/2012"",
  ""total_amount"": ""192,81""
}
```"
../../invoices_dataset/eval_data/dataset1_katanaml_train_katanaml_0003.png,,,,49565075,10/28/2019,"87,94","```json
{
  ""invoice_nr"": ""49565075"",
  ""date"": ""10/28/2019"",
  ""total_amount"": ""87,94""
}
```"
../../invoices_dataset/eval_data/dataset1_katanaml_train_katanaml_0004.png,,,,95611677,07/19/2016,"958,27","```json
{
  ""invoice_nr"": ""95611677"",
  ""date"": ""07/19/2016"",
  ""total_amount"": ""958,27""
}
```"
../../invoices_dataset/eval_data/dataset1_katanaml_train_katanaml_0005.png,,,,26020078,11/19/2019,"105,93","```json
{
  ""invoice_nr"": ""26020078"",
  ""date"": ""11/19/2019"",
  ""total_amount"": ""105,93""
}
```"
